<?xml version="1.0" encoding="UTF-8" standalone="no"?><?xml-stylesheet type="text/xsl" href="xmlTree.xsl"?>
<tree>
	<branch baseX="0" baseY="0" branchLink="notRedirect" id="UCM">
		<branchText>UCM Diagrams</branchText>
	<branch baseX="0" baseY="0" branchLink="SimplePhoneSystem-WithFI-Map1088-TerminatingFeatures.html" id="TerminatingFeatures"><branchText>TerminatingFeatures</branchText><leaf><leafText>Default</leafText><link>SimplePhoneSystem-WithFI-Map1314-Default.html</link><baseX>0</baseX><baseY>0</baseY></leaf><leaf><leafText>CND</leafText><link>SimplePhoneSystem-WithFI-Map1322-CND.html</link><baseX>0</baseX><baseY>0</baseY></leaf></branch><branch baseX="0" baseY="0" branchLink="SimplePhoneSystem-WithFI-Map2-SimpleConnection.html" id="SimpleConnection"><branchText>SimpleConnection</branchText><branch baseX="0" baseY="0" branchLink="SimplePhoneSystem-WithFI-Map395-OriginatingFeatures.html" id="OriginatingFeatures"><branchText>OriginatingFeatures</branchText><leaf><leafText>Default</leafText><link>SimplePhoneSystem-WithFI-Map1314-Default.html</link><baseX>0</baseX><baseY>0</baseY></leaf><leaf><leafText>OCS</leafText><link>SimplePhoneSystem-WithFI-Map1342-OCS.html</link><baseX>0</baseX><baseY>0</baseY></leaf></branch></branch><leaf><leafText>TeenLine</leafText><link>SimplePhoneSystem-WithFI-Map1460-TeenLine.html</link><baseX>0</baseX><baseY>0</baseY></leaf></branch>
	<branch baseX="0" baseY="0" branchLink="notRedirect" id="GRL">
		<branchText>GRL Diagrams</branchText>
	<leaf><leafText>(no GRL graphs)</leafText><link>main.html</link><baseX>0</baseX><baseY>0</baseY></leaf></branch>
<branch baseX="0" baseY="0" branchLink="notRedirect" id="DEF">
<branchText>Definitions</branchText>
<leaf><leafText>UCM Definitions</leafText><link>UCM_Definitions.html</link><baseX>215</baseX><baseY>2</baseY></leaf>
<leaf><leafText>GRL Definitions</leafText><link>GRL_Definitions.html</link><baseX>215</baseX><baseY>2</baseY></leaf>
<leaf>
		<leafText>UCM Scenarios</leafText>
		<link>UCM_Scenarios.html</link>
		<baseX>215</baseX>
		<baseY>2</baseY></leaf><leaf><leafText>Title Page</leafText><link>main.html</link><baseX>215</baseX><baseY>2</baseY></leaf>
	
</branch> 
</tree>