<?xml version="1.0" encoding="UTF-8" standalone="no"?><?xml-stylesheet type="text/xsl" href="xmlTree.xsl"?>
<tree>
	<branch baseX="0" baseY="0" branchLink="notRedirect" id="UCM">
		<branchText>UCM Diagrams</branchText>
	<branch baseX="0" baseY="0" branchLink="WirelessIN-Integrated-Map83-RootScenario.html" id="RootScenario"><branchText>RootScenario</branchText><leaf><leafText>SvcInSwitchDataInSCP</leafText><link>WirelessIN-Integrated-Map286-SvcInSwitchDataInSCP.html</link><baseX>0</baseX><baseY>0</baseY></leaf><leaf><leafText>SvcAndDataInSCP</leafText><link>WirelessIN-Integrated-Map353-SvcAndDataInSCP.html</link><baseX>0</baseX><baseY>0</baseY></leaf><leaf><leafText>SvcInSwitchDataInSN</leafText><link>WirelessIN-Integrated-Map371-SvcInSwitchDataInSN.html</link><baseX>0</baseX><baseY>0</baseY></leaf></branch></branch>
	<branch baseX="0" baseY="0" branchLink="notRedirect" id="GRL">
		<branchText>GRL Diagrams</branchText>
	<leaf><leafText>ServiceProvider</leafText><link>WirelessIN-Integrated-GRLGraph674-ServiceProvider.html</link><baseX>0</baseX><baseY>0</baseY></leaf><leaf><leafText>GlobalView</leafText><link>WirelessIN-Integrated-GRLGraph7-GlobalView.html</link><baseX>0</baseX><baseY>0</baseY></leaf><leaf><leafText>System</leafText><link>WirelessIN-Integrated-GRLGraph683-System.html</link><baseX>0</baseX><baseY>0</baseY></leaf></branch>
<branch baseX="0" baseY="0" branchLink="notRedirect" id="DEF">
<branchText>Definitions</branchText>
<leaf><leafText>UCM Definitions</leafText><link>UCM_Definitions.html</link><baseX>215</baseX><baseY>2</baseY></leaf>
<leaf><leafText>GRL Definitions</leafText><link>GRL_Definitions.html</link><baseX>215</baseX><baseY>2</baseY></leaf>
<leaf>
		<leafText>UCM Scenarios</leafText>
		<link>UCM_Scenarios.html</link>
		<baseX>215</baseX>
		<baseY>2</baseY></leaf><leaf><leafText>Title Page</leafText><link>main.html</link><baseX>215</baseX><baseY>2</baseY></leaf>
	
</branch> 
</tree>